# left	right	bonus
お弁当	を	300
お水	を	300
お腹	が	300
お茶	を	300
お風呂	に	300
が	低い	300
が	入る	300
が	出る	300
が	止まる	300
が	痛い	300
が	空いた	300
が	遅れる	300
が	降りそう	300
ここ	で	300
こっち	に	300
ご飯	を	300
したに	も	300
で	お願いします	300
で	休む	300
で	払う	300
で	調べる	300
で	買う	300
で	連絡する	300
で	降ります	300
で	食べます	300
に	並ぶ	300
に	乗る	300
に	入る	300
に	出る	300
に	来い	300
に	満ち	300
に	膾炙	300
に	行く	300
に	迷う	300
に	運ぶ	300
の	向上	300
の	濫用	300
の	開設	300
は	味方なのか	300
は	忙しい	300
は	無理	300
を	お願いします	300
を	キャンセルする	300
を	作る	300
を	使う	300
を	入れる	300
を	出す	300
を	取る	300
を	受け取る	300
を	回す	300
を	塗る	300
を	忘れる	300
を	拭く	300
を	持っていく	300
を	持参する	300
を	振っ	300
を	撮る	300
を	注視	300
を	洗う	300
を	浴びる	300
を	消す	300
を	淹れる	300
を	磨く	300
を	示す	300
を	聞く	300
を	見る	300
を	解体	300
を	譲る	300
を	貯める	300
を	踊る	300
を	迎える	300
を	返す	300
を	送る	300
を	閉める	300
を	開ける	300
を	頼む	300
を	食べる	300
を	飲む	300
を	飼いたい	300
エアコン	を	300
カード	で	300
クーポン	を	300
コンビニ	で	300
コーヒー	を	300
ゴミ	を	300
シャワー	を	300
スマホ	で	300
スーパー	で	300
タッチ	で	300
バス	に	300
ポイント	を	300
マイバッグ	を	300
マグロ	を	300
マスク	を	300
メッセージ	を	300
レシート	を	300
レジ	に	300
一緒	に	300
不在票	が	300
予定	を	300
予約	を	300
人口	に	300
今日	は	300
今週	は	300
会計	を	300
体	を	300
傘	を	300
公訴権	の	300
再配達	を	300
写真	を	300
別々	で	300
咳	が	300
喉	が	300
地図	を	300
基本かのよう	に	300
夕飯	を	300
夜ごはん	を	300
天気	が	300
子ども	を	300
宅配	を	300
安全性	の	300
席	を	300
帽子	を	300
床	を	300
店内	で	300
彼	は	300
後	で	300
慎重	に	300
手	を	300
持ち帰り	で	300
掃除機	を	300
既読	が	300
日焼け止め	を	300
日陰	で	300
昼ごはん	を	300
時間	を	300
朝ごはん	を	300
来週	に	300
機械	が	300
次	で	300
歯	を	300
歳	を	300
水	を	300
水分	を	300
洗濯	を	300
満員電車	に	300
熱	が	300
特	に	300
状況	を	300
猫	を	300
現金	で	300
病院	に	300
窓	を	300
精度	が	300
置き配	に	300
肩	が	300
自信	に	300
荷物	を	300
薬	を	300
袋	は	300
袋	を	300
訴権	の	300
資源ごみ	を	300
迎え	に	300
道	に	300
道	を	300
銀行口座	の	300
鍵	を	300
難色	を	300
雨	が	300
電気	を	300
電話	に	300
電車	が	300
電車	に	300
音頭	を	300
顔	を	300
風邪	を	300
食事	を	300
駅まで迎え	に	300
鼻水	が	300
