# left2	left1	word	bonus
お弁当	を	作る	200
お腹	が	空いた	200
お茶	を	淹れる	200
お風呂	に	入る	200
ここ	で	降ります	200
こっち	に	来い	200
ご飯	を	食べる	200
カード	で	払う	200
クーポン	を	使う	200
コンビニ	で	買う	200
コーヒー	を	入れる	200
ゴミ	を	出す	200
シャワー	を	浴びる	200
スマホ	で	調べる	200
スーパー	で	買う	200
タッチ	で	払う	200
バス	に	乗る	200
ポイント	を	貯める	200
マイバッグ	を	使う	200
マグロ	を	解体	200
メッセージ	を	返す	200
レジ	に	並ぶ	200
不在票	が	入る	200
予約	を	キャンセルする	200
予約	を	入れる	200
予約	を	取る	200
人口	に	膾炙	200
今日	は	無理	200
今週	は	忙しい	200
会計	を	お願いします	200
傘	を	忘れる	200
傘	を	持っていく	200
公訴権	の	濫用	200
再配達	を	頼む	200
写真	を	撮る	200
写真	を	送る	200
別々	で	お願いします	200
咳	が	出る	200
喉	が	痛い	200
地図	を	見る	200
夕飯	を	作る	200
夜ごはん	を	食べる	200
子ども	を	迎える	200
子ども	を	送る	200
宅配	を	受け取る	200
安全性	の	向上	200
席	を	譲る	200
床	を	拭く	200
店内	で	食べます	200
彼	は	味方なのか	200
後	で	連絡する	200
慎重	に	運ぶ	200
手	を	振っ	200
手	を	洗う	200
日焼け止め	を	塗る	200
日陰	で	休む	200
昼ごはん	を	食べる	200
朝ごはん	を	食べる	200
機械	が	止まる	200
次	で	降ります	200
歯	を	磨く	200
水	を	飲む	200
水分	を	取る	200
洗濯	を	回す	200
満員電車	に	乗る	200
状況	を	注視	200
猫	を	飼いたい	200
現金	で	払う	200
病院	に	行く	200
窓	を	閉める	200
窓	を	開ける	200
精度	が	低い	200
自信	に	満ち	200
荷物	を	受け取る	200
荷物	を	送る	200
薬	を	飲む	200
袋	を	持参する	200
訴権	の	濫用	200
資源ごみ	を	出す	200
迎え	に	行く	200
道	に	迷う	200
道	を	聞く	200
銀行口座	の	開設	200
難色	を	示す	200
雨	が	降りそう	200
電気	を	消す	200
電話	に	出る	200
電車	が	遅れる	200
電車	に	乗る	200
音頭	を	踊る	200
顔	を	洗う	200
駅まで迎え	に	行く	200
鼻水	が	出る	200
